Metric,Value
Accuracy,0.9991049737885181
Precision,0.999763816721776
Recall,0.9985845718329794
F1 Score,0.9991738463354184
